hash,hash_type,source,first_seen,vt_malicious,vt_suspicious,vt_undetected,vt_harmless,vt_reputation,vt_times_submitted,vt_first_submission,vt_last_analysis,vt_suggested_threat_label,vt_tags,vt_names,vt_sha256,vt_md5,vt_sha1,vt_file_size,vt_file_type,vt_enrichment_status,vt_last_updated
1db3df87facac7ad4bf2fc7f9c49392f6f1cd69ce3d5db0d7b1a23074ad0dd69,sha256,malwarebazaar,2025-10-12 10:52:46,,,,,,,,,,,,,,,,,http_error_22,2025-10-12T10:52:46.206845
4ec85c6dabf928a8668e15cdb7ebf1d96d084f6ca86055ee7fa1f456b2345a9e,sha256,malwarebazaar,2025-10-12 10:52:55,33,0,31,0,-11,1,1760252956,1760252956,trojan.gafgyt/ddos,spreader;arm;elf;sets-process-name;detect-debug-environment;service-scan;checks-cpu-name,2jy9fqi9h.exe;klogd.elf,4ec85c6dabf928a8668e15cdb7ebf1d96d084f6ca86055ee7fa1f456b2345a9e,d721777c7d8b7863492b5a00f19791d9,32d67dbc3a5f508ec8e8e15133440de44d1de19f,150763,ELF,success,2025-10-12T10:52:55.008927
4080cdfcf00475b9709de913f4fadccb5e43164702fa9c8247cc4927982eb9b0,sha256,malwarebazaar,2025-10-12 10:53:04,21,0,43,0,-11,1,1760250114,1760250114,trojan.mirai/possible,elf;arm;detect-debug-environment,4080cdfcf00475b9709de913f4fadccb5e43164702fa9c8247cc4927982eb9b0.raw,4080cdfcf00475b9709de913f4fadccb5e43164702fa9c8247cc4927982eb9b0,7cd933b7a11900798aad58a70ac3d33d,8c587996d2436d43648c3fc77a1b26a13dfb6d0a,210180,ELF,success,2025-10-12T10:53:04.053575
7bc6609afca761d8c9ddcd34b8ecd563d1ff91f5fba2f6123b67e1b3fd300728,sha256,malwarebazaar,2025-10-12 10:53:12,33,0,31,0,-11,1,1760252627,1760252627,trojan.gafgyt/ddos,elf;corrupted,katrina.elf,7bc6609afca761d8c9ddcd34b8ecd563d1ff91f5fba2f6123b67e1b3fd300728,12003ef41ea95ddb4966718a1fa52760,e105d686520d1937dc0b41c086bf6b46b374482e,135138,ELF,success,2025-10-12T10:53:12.751223
078719b7022c2987ebcc923df4c2d7991b1cebaa05547315d7c6b0f2592ee019,sha256,malwarebazaar,2025-10-12 10:53:21,32,0,32,0,-11,1,1760252379,1760252379,trojan.gafgyt/ddos,spreader;elf,sshd.elf,078719b7022c2987ebcc923df4c2d7991b1cebaa05547315d7c6b0f2592ee019,1b336c6c216e975427751e5da15dc70f,e334f3d7de7238fb7209196f6f78649fc5f0f2bb,184423,ELF,success,2025-10-12T10:53:21.577953
0cb06d0d4c84d6b9d380f6c543074da5aa98fa478fb1f1ca07b2f1f8a8b591bf,sha256,malwarebazaar,2025-10-12 10:53:30,36,0,23,0,-11,1,1760252295,1760252295,trojan.mirai/bonb,exploit;elf;cve-2017-17215,b3astmode.mpsl.elf,0cb06d0d4c84d6b9d380f6c543074da5aa98fa478fb1f1ca07b2f1f8a8b591bf,da332d710ec925971ae2dd62f4ff17fb,03c6a6adaf70ec730de83837c04cb5a8db4d6df2,67748,ELF,success,2025-10-12T10:53:30.404700
89e5f660e8864b2b7fb9f4d83e4aeee66a64bac2f06b3c8366b401b4b4fd45ed,sha256,malwarebazaar,2025-10-12 10:53:39,40,0,23,0,-11,1,1760252289,1760252289,trojan.mirai/bonb,arm;exploit;elf;cve-2017-17215;detect-debug-environment,sj9c9dq.exe;b3astmode.arm6.elf,89e5f660e8864b2b7fb9f4d83e4aeee66a64bac2f06b3c8366b401b4b4fd45ed,4f90e93884597b0327c1fcaf40b90508,ce21537c48da70a0885936515791a00f0219c480,62812,ELF,success,2025-10-12T10:53:39.121977
c4f809b39a58f8c96a89d34b8de4fc1123ceca2f49a74f190b70a044d9ee6ef2,sha256,malwarebazaar,2025-10-12 10:53:47,41,0,23,0,-11,1,1760252259,1760252259,trojan.mirai/bonb,arm;elf;detect-debug-environment;malware,b3astmode.arm5.elf,c4f809b39a58f8c96a89d34b8de4fc1123ceca2f49a74f190b70a044d9ee6ef2,7997bb6f89aee2163090af0ae2f275c7,54b30a389b9d890d54d4f5379fc8294d77b45d24,50216,ELF,success,2025-10-12T10:53:47.935897
e5dd4ff05cbfe2b76666fc4c2c1d2d4db8840fbbb95325d52a0ac4ce9ef7bba3,sha256,malwarebazaar,2025-10-12 10:53:56,41,0,23,0,-11,1,1760252241,1760252241,trojan.mirai/gafgyt,arm;elf;detect-debug-environment;malware,b3astmode.arm7.elf,e5dd4ff05cbfe2b76666fc4c2c1d2d4db8840fbbb95325d52a0ac4ce9ef7bba3,043243d104e5eff4202b950d0834e87d,e09b0e849fa2b6b031deffdd393d28bafd248a3c,125282,ELF,success,2025-10-12T10:53:56.696854
1bef0c9c90bc443e0e54a8da02af2d9f3f57e37d7004749788bb25532909c037,sha256,malwarebazaar,2025-10-12 10:54:05,41,0,23,0,-11,1,1760252217,1760252217,trojan.mirai/bonb,elf;arm;detect-debug-environment;malware,b3astmode.arm.elf,1bef0c9c90bc443e0e54a8da02af2d9f3f57e37d7004749788bb25532909c037,5e1b396c7965c83a5d79e5503cff7c03,c44cce924dd95aeabfc8db367f58aa28069810c7,50216,ELF,success,2025-10-12T10:54:05.489123
4dee61563cc3ed5cb1f8bd25cb3be45eb0c8a5d7f78d63d1b3d740cb71f89a56,sha256,malwarebazaar,2025-10-12 10:54:14,34,0,23,0,-11,1,1760252194,1760252194,trojan.mirai/bonb,exploit;cve-2017-17215;elf,j6mcwz7d.exe;b3astmode.mips.elf,4dee61563cc3ed5cb1f8bd25cb3be45eb0c8a5d7f78d63d1b3d740cb71f89a56,3bf684b386be749e647a81634b8c39e6,2fef07bafab19b81e8e68f84b84ef6194d739715,67748,ELF,success,2025-10-12T10:54:14.478813
d074f73823a5e6531d509da7d55e691aae00f750456ec0d52b8d84d996df2931,sha256,malwarebazaar,2025-10-12 10:54:23,33,0,31,0,-11,1,1760222190,1760222190,trojan.mirai/ddos,elf;upx;exploit;cve-2017-17215,b3astmode.mpsl;v25yq2.exe,d074f73823a5e6531d509da7d55e691aae00f750456ec0d52b8d84d996df2931,5fb5d701bc817fa05f4bc155559d8fb3,a286da9d64786426888d0f4b8a1968bd22da6b5c,24548,ELF,success,2025-10-12T10:54:23.668623
8527c48303d011ed764dc299d7ecaa9a8532d16235e038b4574a090a75d2e98d,sha256,malwarebazaar,2025-10-12 10:54:32,29,0,35,0,-11,1,1760222191,1760222191,trojan.mirai/genericrxml,elf;cve-2017-17215;upx;arm;exploit;detect-debug-environment,b3astmode.arm6;dtbir8f.exe,8527c48303d011ed764dc299d7ecaa9a8532d16235e038b4574a090a75d2e98d,f1fb911e2205aed0b3891ba7c5329f4e,561bc2bcdfaa4e479d14e0763544287ee7777de8,27480,ELF,success,2025-10-12T10:54:32.358057
9b1f01bcf562a72b1ca7b0fec3824cbb096915750520372b7b7cdbc556857f2c,sha256,malwarebazaar,2025-10-12 10:54:41,40,0,24,0,-11,1,1760222190,1760222190,trojan.mirai/bonb,elf;corrupted;exploit;cve-2017-17215,b3astmode.m68k;f17fdc.exe,9b1f01bcf562a72b1ca7b0fec3824cbb096915750520372b7b7cdbc556857f2c,83d79aad8922acd89e88c0cf80a6b0a7,5a192d526014089d8d6e0de2b182c1f522821781,52276,ELF,success,2025-10-12T10:54:41.093665
ad17c4e29d3158f16faad132a0147b89ec9a92128934c432f207a936d5db24b3,sha256,malwarebazaar,2025-10-12 10:54:49,21,0,43,0,-11,1,1760222190,1760222190,trojan.mirai/svirtu,upx;elf;arm;detect-debug-environment;malware,b3astmode.arm5,ad17c4e29d3158f16faad132a0147b89ec9a92128934c432f207a936d5db24b3,f8740453f8af203201d90f8d2d1636f0,3ddcaded93b188c2558a6d4c2c71cf70ddd0ad9a,22468,ELF,success,2025-10-12T10:54:49.863540
85f5b914eddcdfc5fd7ede82ad386328169e8eaa10eac4569e15adabfee3c3f2,sha256,malwarebazaar,2025-10-12 10:54:58,28,0,37,0,-11,1,1760222028,1760222028,trojan.mirai/ddos,elf;cve-2017-17215;upx;exploit;malware,b3astmode.x86;FuckYou,85f5b914eddcdfc5fd7ede82ad386328169e8eaa10eac4569e15adabfee3c3f2,928239429239f05917bed2579a647319,e804443974d3100534f5e70899c8a38c01f9d8e9,21992,ELF,success,2025-10-12T10:54:58.738214
a4e937d97c7e746cf180cae3f0ffae2f80b846d6fc6bf141edcaf0ca6ba9346e,sha256,malwarebazaar,2025-10-12 10:55:07,27,0,37,0,-11,1,1760222191,1760222191,trojan.mirai/gafgyt,upx;arm;elf;detect-debug-environment;malware,b3astmode.arm7;sy1onr.exe,a4e937d97c7e746cf180cae3f0ffae2f80b846d6fc6bf141edcaf0ca6ba9346e,876c0adea5994657962180928cc0d0ff,8f7b463fa2302fdb6ae8a4ce6980942880eea1c7,46840,ELF,success,2025-10-12T10:55:07.509037
553a1f4e0003fc06902ddb985986780053d9db9352303027b50e95789cb2d4e9,sha256,malwarebazaar,2025-10-12 10:55:16,33,0,30,0,-11,1,1760222190,1760222190,trojan.mirai/ddos,exploit;cve-2017-17215;elf;upx,b3astmode.ppc;w3g2f.exe,553a1f4e0003fc06902ddb985986780053d9db9352303027b50e95789cb2d4e9,21931b0cf01fae1ce0780aae336d252e,27fecd6af60474148099f932cc29d44cef495763,22280,ELF,success,2025-10-12T10:55:16.251544
ad07d48536a0a10a8eac215bc49683102ca8419aa0aa3921a4067ce7a46d3396,sha256,malwarebazaar,2025-10-12 10:55:24,21,0,43,0,-11,1,1760222190,1760222190,trojan.mirai/svirtu,arm;elf;upx;detect-debug-environment;malware,b3astmode.arm;y5nc9.exe,ad07d48536a0a10a8eac215bc49683102ca8419aa0aa3921a4067ce7a46d3396,70d828b8b906ad1820146be32f1f9879,173c50a3c5b4c9fed542dd62e5ab9b7e1fe83384,22480,ELF,success,2025-10-12T10:55:24.965846
eb7238215e9452c764c8284ed16605303c1e18c871bcd394d6605cb641e64cfc,sha256,malwarebazaar,2025-10-12 10:55:33,40,0,24,0,-11,1,1760222190,1760222190,trojan.mirai/bonb,exploit;cve-2017-17215;elf,b3astmode.sh4;snyok.exe,eb7238215e9452c764c8284ed16605303c1e18c871bcd394d6605cb641e64cfc,af90e5ec8c369f41eb2b65bd3f56b071,2c75d6abb47522b5470a44428b3ed6736d181a96,46116,ELF,success,2025-10-12T10:55:33.681697
10a99fc484766e3500eb3257e6ddff7120fdfbb62f1eb2330cd39cd52a873371,sha256,malwarebazaar,2025-10-12 10:55:42,29,0,35,0,-11,1,1760222029,1760222029,trojan.mirai/ddos,exploit;cve-2017-17215;upx;elf,b3astmode.mips;38dzz.exe,10a99fc484766e3500eb3257e6ddff7120fdfbb62f1eb2330cd39cd52a873371,61bb475bff3001758929fd59853f0874,f395f2b35496d0ac955e8cf757b101e735137ec8,24052,ELF,success,2025-10-12T10:55:42.780352
cc2605dc36a84ad6266fa9751528f23066353242898096bb94cf5d43c9b2ef29,sha256,malwarebazaar,2025-10-12 10:55:51,15,0,49,0,-11,1,1760252338,1760252338,trojan.mirai,elf,kwewh27.exe;copy,cc2605dc36a84ad6266fa9751528f23066353242898096bb94cf5d43c9b2ef29,fe4f7b185015157d6012b4e6782e23cd,cf73ecdff7ce3f825946f359ce3be78a0c334779,105724,ELF,success,2025-10-12T10:55:51.528159
f1a1ea4cbf6f40b9c2c1b29de5eba7fcc86e5018c5345ead36bf3343cad0fdb6,sha256,malwarebazaar,2025-10-12 10:56:00,29,0,30,0,-11,1,1760251775,1760251775,trojan.gafgyt/mirai,detect-debug-environment;checks-cpu-name;64bits;elf;sets-process-name;service-scan,ssh.elf,f1a1ea4cbf6f40b9c2c1b29de5eba7fcc86e5018c5345ead36bf3343cad0fdb6,589cd9d32b2e25d86ca29527d748038a,4d9074da90ef5ed3de45b0ee0710b56ba539bd3a,132729,ELF,success,2025-10-12T10:56:00.250461
fb9679fb3e4df008e38f757541ef6d61bab8d16284607bf85a80a60374ae79cf,sha256,malwarebazaar,2025-10-12 10:56:09,32,0,32,0,-11,1,1760251629,1760251629,trojan.gafgyt/ddos,elf;arm;sets-process-name;detect-debug-environment;service-scan;checks-cpu-name,340p71cv7.exe;dbus-daemon.elf,fb9679fb3e4df008e38f757541ef6d61bab8d16284607bf85a80a60374ae79cf,d95bd2d88571e3cf265bc0ad2392e896,bd208d53e4c074cad7419021888dbd154bd17e77,163757,ELF,success,2025-10-12T10:56:09.012967
b197497915bc3a88bdb518f42a04495d93f5200cc951964253da9dabac82e763,sha256,malwarebazaar,2025-10-12 10:56:17,29,0,29,0,-11,1,1760251384,1760251384,trojan.gafgyt/mirai,sets-process-name;elf;detect-debug-environment;spreader;checks-cpu-name;service-scan;arm,s.elf;91lz1.exe,b197497915bc3a88bdb518f42a04495d93f5200cc951964253da9dabac82e763,8ecb8649b6555c0ffc0b941e44599e80,bd5139e5be5829500e967f3ca32e0f2d73c5278b,202890,ELF,success,2025-10-12T10:56:17.778697
0bc1a70d11866f0694f17e0aa4aca90d7469e8fed7d6fea07a77bcbaf73bb33e,sha256,malwarebazaar,2025-10-12 10:56:26,35,0,30,0,-11,1,1760251353,1760251353,trojan.gafgyt/ddos,elf;sets-process-name;detect-debug-environment;service-scan;checks-cpu-name,79gf0l9.exe;getty.elf,0bc1a70d11866f0694f17e0aa4aca90d7469e8fed7d6fea07a77bcbaf73bb33e,a938db6cc77388f699284a2e0914b53b,5a6184367d928a0d17342b2bb803211a0a32d7f8,116115,ELF,success,2025-10-12T10:56:26.534421
b783de158741666b8db2bbbd7a88b131a3ebe3ff321435f15ebb6feac986fe51,sha256,malwarebazaar,2025-10-12 10:56:35,0,0,71,0,0,1,1760252899,1760252899,,64bits;corrupt;peexe,_b783de158741666b8db2bbbd7a88b131a3ebe3ff321435f15ebb6feac986fe51.exe;node;node.exe,b783de158741666b8db2bbbd7a88b131a3ebe3ff321435f15ebb6feac986fe51,ad9469fd70219fd45b7a1d9e9f54f5f6,7da9bece349872810843b8f941c2d030619efed1,34778624,Win32 EXE,success,2025-10-12T10:56:35.436361
a1280c532700b9d280eaa78e18e36eefba7560b659374bff20f7841dd3350d2f,sha256,malwarebazaar,2025-10-12 10:56:44,14,0,47,0,-12,3,1760250014,1760251820,trojan.,javascript,_a1280c532700b9d280eaa78e18e36eefba7560b659374bff20f7841dd3350d2f.txt;a1280c532700b9d280eaa78e18e36eefba7560b659374bff20f7841dd3350d2f.js;invoice-1637482117.pdf .js,a1280c532700b9d280eaa78e18e36eefba7560b659374bff20f7841dd3350d2f,0d639d2e088f21085a204e9948b6c961,a4d7f02ce1bb330a61e7d3a43b1636bc10e287ba,106704,JavaScript,success,2025-10-12T10:56:44.131142
30e30db14957d33b80d95bd31d7571aee84fe4fbe526d82de06b3efabe907a80,sha256,malwarebazaar,2025-10-12 10:56:52,14,0,48,0,-12,1,1760249779,1760249779,trojan.,javascript,_30e30db14957d33b80d95bd31d7571aee84fe4fbe526d82de06b3efabe907a80.txt,30e30db14957d33b80d95bd31d7571aee84fe4fbe526d82de06b3efabe907a80,71ea40ea178553615d23bb887bdf06f6,6463a978a74278d798b45d19d4e51dca5dce64e0,104007,JavaScript,success,2025-10-12T10:56:52.856173
9fe8e4d456ab65a6831b3687889fc2964616ce48f423ba2387e42cef2156400b,sha256,malwarebazaar,2025-10-12 10:57:01,14,0,47,0,-12,1,1760250080,1760250080,trojan.,javascript,invoice-1637482117.pdf (200).js,9fe8e4d456ab65a6831b3687889fc2964616ce48f423ba2387e42cef2156400b,0c277fc82e8357c07970d5105497fcc5,ac59c67fee11d86ae1d36474c3ffe9f4b6901b4e,105904,JavaScript,success,2025-10-12T10:57:01.776598
344e7b240476e7fdb59bc1cfabc892c77b29ec79b1218a6f6666c40ebbb6a583,sha256,malwarebazaar,2025-10-12 10:57:10,16,0,46,0,-12,2,1760250145,1760251584,trojan.,javascript,_344e7b240476e7fdb59bc1cfabc892c77b29ec79b1218a6f6666c40ebbb6a583.txt;invoice-1637482117.pdf (199).js,344e7b240476e7fdb59bc1cfabc892c77b29ec79b1218a6f6666c40ebbb6a583,6bbcd8e67399d197a887ffa80c1800b6,c6002e7880d3d4121a1319687a1ae7f048acc5a4,104080,JavaScript,success,2025-10-12T10:57:10.496973
902fb169dc3341a24ad428a6846fed64f0428733a39432f2fb8ba604369199c8,sha256,malwarebazaar,2025-10-12 10:57:19,16,0,46,0,-12,1,1760249674,1760249674,trojan.,javascript,_902fb169dc3341a24ad428a6846fed64f0428733a39432f2fb8ba604369199c8.txt,902fb169dc3341a24ad428a6846fed64f0428733a39432f2fb8ba604369199c8,d0a37d9ae07fc1796e537029540775c4,1535aa3eb163dbc8a443bf9e60cdc20d655761bc,100755,JavaScript,success,2025-10-12T10:57:19.373017
a646fc613befa88d9c66cbc570e99d4cd0f3f75cf8602c8b5de1bd8da0c79649,sha256,malwarebazaar,2025-10-12 10:57:28,14,0,48,0,-12,2,1760250152,1760250989,trojan.,javascript,_a646fc613befa88d9c66cbc570e99d4cd0f3f75cf8602c8b5de1bd8da0c79649.txt;invoice-1637482117.pdf (197).js,a646fc613befa88d9c66cbc570e99d4cd0f3f75cf8602c8b5de1bd8da0c79649,f523e490aee528eeca7ef3b60f0ecad5,705b920c95f19958620e035c59903262f9a2ee89,103292,JavaScript,success,2025-10-12T10:57:28.079228
2ef83c83f6b9abd902c1c01a4d684871301910cdcaf4df9ec16f75fb08ab1a96,sha256,malwarebazaar,2025-10-12 10:57:36,4,0,32,0,-12,1,1760250155,1760250155,trojan.,javascript,_2ef83c83f6b9abd902c1c01a4d684871301910cdcaf4df9ec16f75fb08ab1a96.txt,2ef83c83f6b9abd902c1c01a4d684871301910cdcaf4df9ec16f75fb08ab1a96,60e403fad7905b414a3847abec80c4d2,0daa27a87a999df52f397f87fd95f484870b7fd8,104080,JavaScript,success,2025-10-12T10:57:36.777732
52c78072e391de25507011127fb444451866a838b0cd99c7256b9dbc649a5d48,sha256,malwarebazaar,2025-10-12 10:57:46,14,0,48,0,-12,2,1760250220,1760252299,trojan.,javascript,_52c78072e391de25507011127fb444451866a838b0cd99c7256b9dbc649a5d48.txt;invoice-1637482117.pdf (195).js,52c78072e391de25507011127fb444451866a838b0cd99c7256b9dbc649a5d48,6944781b5c2100160daf424dc2e48f65,d51f1b122b9160184413c585379d8b9ad317f70a,105385,JavaScript,success,2025-10-12T10:57:46.356069
ffe933c7a5942ba0c0faa8661731bd1699bb35f42d5ec7f06d510a397a92af93,sha256,malwarebazaar,2025-10-12 10:57:55,16,0,46,0,-12,2,1760250286,1760252419,trojan.,javascript,_ffe933c7a5942ba0c0faa8661731bd1699bb35f42d5ec7f06d510a397a92af93.txt;invoice-1637482117.pdf (194).js,ffe933c7a5942ba0c0faa8661731bd1699bb35f42d5ec7f06d510a397a92af93,f3785002519489d8dcd0fadd1065e386,82f3449c168e4668caddf7013c87ebe99540f774,102667,JavaScript,success,2025-10-12T10:57:55.416114
59fced9c32952b2605861d91070b964e794ef904f5a269b9630082007f5a10b2,sha256,malwarebazaar,2025-10-12 10:58:04,8,0,46,0,-12,2,1760250321,1760251479,trojan.,javascript,_59fced9c32952b2605861d91070b964e794ef904f5a269b9630082007f5a10b2.txt;invoice-1637482117.pdf (193).js,59fced9c32952b2605861d91070b964e794ef904f5a269b9630082007f5a10b2,7698a56bedb8349ac8a54eeb285028e9,506421f52ed0695a07502a788aa7fbe04d241ce9,103482,JavaScript,success,2025-10-12T10:58:04.112836
64281f628de131be0ddb5381a4bbf04bc35d5a57f04b0702aba88e35de78a018,sha256,malwarebazaar,2025-10-12 10:58:13,16,0,46,0,-11,1,1760250306,1760250306,trojan.,javascript,invoice-1637482117.pdf (192).js,64281f628de131be0ddb5381a4bbf04bc35d5a57f04b0702aba88e35de78a018,bc2c197fb78f372cdd2bf0e86ea6bdd0,7814689c30a0afc05d20f8c530364d7a4bf60df3,101340,JavaScript,success,2025-10-12T10:58:13.038762
40b92e9b3c1325f7fa4dc6e4826274cb31ab136d4fb9632702f5448d26e88987,sha256,malwarebazaar,2025-10-12 10:58:21,14,0,48,0,-12,1,1760250325,1760250325,trojan.,javascript,invoice-1637482117.pdf (191).js,40b92e9b3c1325f7fa4dc6e4826274cb31ab136d4fb9632702f5448d26e88987,b0e007d41da11e7b49da7b09085990bc,289d1e4cfac6b229a8f5124c4ccfe98b6cb8c4f7,107322,JavaScript,success,2025-10-12T10:58:21.715942
df4f81e057cbad5baa4291649fe145c1406b3054169d0e2c69aee7333dee8d5e,sha256,malwarebazaar,2025-10-12 10:58:30,14,0,48,0,-12,1,1760250365,1760250365,trojan.,javascript,invoice-1637482117.pdf (190).js,df4f81e057cbad5baa4291649fe145c1406b3054169d0e2c69aee7333dee8d5e,283dfeb3b7202d3f3960e2a52035e52b,872adc35c2ea94eeb8c57c60a4063112e6a2159f,103457,JavaScript,success,2025-10-12T10:58:30.414009
e73cfd8793dd3f42052c32cef684819eef821ae3eec211c939c088a9e8f7a24c,sha256,malwarebazaar,2025-10-12 10:58:39,16,0,45,0,-12,2,1760250297,1760251719,trojan.,javascript,_e73cfd8793dd3f42052c32cef684819eef821ae3eec211c939c088a9e8f7a24c.txt;invoice-1637482117.pdf (189).js,e73cfd8793dd3f42052c32cef684819eef821ae3eec211c939c088a9e8f7a24c,7ed63295de500f688dfe7429604a18df,8b5fb8d6c3fea0a5f84b1a0166682338183cbc88,102679,JavaScript,success,2025-10-12T10:58:39.136375
4fe12a3b8fc0e3f2b79258b723b79ccc02986e72e86b123810259e06941704ca,sha256,malwarebazaar,2025-10-12 10:58:47,16,0,46,0,-12,2,1760250273,1760251134,trojan.,javascript,_4fe12a3b8fc0e3f2b79258b723b79ccc02986e72e86b123810259e06941704ca.txt;invoice-1637482117.pdf (188).js,4fe12a3b8fc0e3f2b79258b723b79ccc02986e72e86b123810259e06941704ca,6c435c89ad03fe026d5f8bbcd1366c6f,84f70936e4d9c27a26e84c4ac7446094ce4e3874,105356,JavaScript,success,2025-10-12T10:58:47.818272
623b35a12720f0184f520eca3b53918c13951826938d3d81e3c090b876ee9667,sha256,malwarebazaar,2025-10-12 10:58:56,14,0,48,0,-11,1,1760250276,1760250276,trojan.,javascript,invoice-1637482117.pdf (187).js,623b35a12720f0184f520eca3b53918c13951826938d3d81e3c090b876ee9667,9f57441214441e2716980000bbb76fe5,f435a040d071871d975a91c6890020191521fb11,107295,JavaScript,success,2025-10-12T10:58:56.612392
bcfac996df6105f7d676f685e76d86c85f6274eb632602b427b9b8c12d505554,sha256,malwarebazaar,2025-10-12 10:59:05,14,0,48,0,-11,1,1760250328,1760250328,trojan.,javascript,invoice-1637482117.pdf (186).js,bcfac996df6105f7d676f685e76d86c85f6274eb632602b427b9b8c12d505554,c29b6bca576b4e1ada8841346f17f481,369a2cf6614df225618d4cd138d32e6f947a3577,102114,JavaScript,success,2025-10-12T10:59:05.357455
8c401279748ab5f1903d12c3e794b967c603d77381502401132d9ab89b038d25,sha256,malwarebazaar,2025-10-12 10:59:14,14,0,48,0,-12,2,1760250252,1760250909,trojan.,javascript,_8c401279748ab5f1903d12c3e794b967c603d77381502401132d9ab89b038d25.txt;invoice-1637482117.pdf (185).js,8c401279748ab5f1903d12c3e794b967c603d77381502401132d9ab89b038d25,6a87c42f37526dbe1e64c5928600d23e,2de3447731bd01e41fab3401922b50d395b7c51d,102095,JavaScript,success,2025-10-12T10:59:14.074225
5c10b0b95dcf8900e5b916e1caa2689c7341a2fd1027496bbfbc335e36ffa795,sha256,malwarebazaar,2025-10-12 10:59:22,14,0,48,0,-11,1,1760250309,1760250309,trojan.,javascript,invoice-1637482117.pdf (184).js,5c10b0b95dcf8900e5b916e1caa2689c7341a2fd1027496bbfbc335e36ffa795,d73a28ad0bb82abb6c449e08e8c0c5e8,37fcedb186cdb8a9d86ac80657b7e3a436022207,107298,JavaScript,success,2025-10-12T10:59:22.811710
3025669ca05c98cb958e1bbb452777ddf63b46e982dbe363afe6c19057413960,sha256,malwarebazaar,2025-10-12 10:59:31,16,0,46,0,-12,1,1760250249,1760250249,trojan.,javascript,invoice-1637482117.pdf (183).js,3025669ca05c98cb958e1bbb452777ddf63b46e982dbe363afe6c19057413960,e6cca3021e18826cff0bbd1ca03ec8c6,e516c1f2661fc98a755441ad370164e3b7ec881a,103399,JavaScript,success,2025-10-12T10:59:31.831950
e4655655d12588bef8b172d3700b332c66596b402a5efe1bdf05d72f13d11760,sha256,malwarebazaar,2025-10-12 10:59:40,7,0,43,0,-11,1,1760250304,1760250304,trojan.,javascript,invoice-1637482117.pdf (182).js,e4655655d12588bef8b172d3700b332c66596b402a5efe1bdf05d72f13d11760,bf3cb0977887d861f55aa11090d2c125,30f862db16f049f8b1f506c13f6f8096dc1cdeee,106013,JavaScript,success,2025-10-12T10:59:40.593342
2ea8971ff8ce0894eb35c874102004be1e3026e06ee94348ff5fe0ac834c8ac4,sha256,malwarebazaar,2025-10-12 10:59:49,14,0,48,0,-12,1,1760250225,1760250225,trojan.,javascript,invoice-1637482117.pdf (181).js,2ea8971ff8ce0894eb35c874102004be1e3026e06ee94348ff5fe0ac834c8ac4,1a54e6e65424f76648c83f61f4c16880,e04b67637ba8558e459eb56879f57e0527e50c03,105321,JavaScript,success,2025-10-12T10:59:49.332822
f62b385f608591097d94e6f0ee58e1974b05f09c84f0c1b5908d00b901844b52,sha256,malwarebazaar,2025-10-12 10:59:58,16,0,46,0,-12,1,1760250129,1760250129,trojan.,javascript,invoice-1637482117.pdf (180).js,f62b385f608591097d94e6f0ee58e1974b05f09c84f0c1b5908d00b901844b52,f80b15b1a5d5f07e40e869949ed4c588,6db85a97cf9f841e16ecb5540c8b1f97866763d3,104033,JavaScript,success,2025-10-12T10:59:58.073817
1db3df87facac7ad4bf2fc7f9c49392f6f1cd69ce3d5db0d7b1a23074ad0dd69,sha256,malwarebazaar,2025-10-12 11:05:02,,,,,,,,,,,,,,,,,http_error_22,2025-10-12T11:05:02.021031
89e1f46c61445ca1178800c26002aa7006520b22920f8d7b4649ea2d3e8c3395,sha256,malwarebazaar,2025-10-12 11:05:10,14,0,48,0,-11,1,1760250105,1760250105,trojan.,javascript,invoice-1637482117.pdf (179).js,89e1f46c61445ca1178800c26002aa7006520b22920f8d7b4649ea2d3e8c3395,a814dcd9a1ac67def30cecf35ae57ed4,681fdc0ef1ecfc3580538dc1a6e31ff47a25cec5,100718,JavaScript,success,2025-10-12T11:05:10.967684
2bb08f761f5ce1bf155ec099f764c8318fca8fa104c190050bd3670205cd22c3,sha256,malwarebazaar,2025-10-12 11:05:19,14,0,48,0,-11,1,1760250087,1760250087,trojan.,javascript,invoice-1637482117.pdf (178).js,2bb08f761f5ce1bf155ec099f764c8318fca8fa104c190050bd3670205cd22c3,fb75f9322ec04e199c39e81cb270b75f,db6982d2d8f82845eeb98af2d01cf31a84965bfc,104747,JavaScript,success,2025-10-12T11:05:19.791910
b7712c7ed23dd8693e0c9011d10e81601a70dd87931bfdc78777bdf268aa4b85,sha256,malwarebazaar,2025-10-12 11:05:28,14,0,48,0,-12,1,1760250090,1760250090,trojan.,javascript,invoice-1637482117.pdf (177).js,b7712c7ed23dd8693e0c9011d10e81601a70dd87931bfdc78777bdf268aa4b85,a0a79d9826a42c257dbc0096f10f3fad,f73a8e22f4bdc884aa5d1a19252b4c8d9b314cef,103386,JavaScript,success,2025-10-12T11:05:28.530146
b0c27c9b07fc7afc9e23e68bcac3f57a1dc28446c48f45d49c67f80725367d59,sha256,malwarebazaar,2025-10-12 11:05:37,15,0,47,0,-12,2,1760250117,1760250822,trojan.rhadamanthys,javascript,_b0c27c9b07fc7afc9e23e68bcac3f57a1dc28446c48f45d49c67f80725367d59.txt;invoice-1637482117.pdf (176).js,b0c27c9b07fc7afc9e23e68bcac3f57a1dc28446c48f45d49c67f80725367d59,e4fec7a80375520ab3f9627ab46b67f7,0b8f86fb1612cc7fdb93f004784a881ace846c45,98202,JavaScript,success,2025-10-12T11:05:37.244665
876d4447575c745f6bcf7cdc04088f6c517bee2197ce245161ed3c81c44fce2a,sha256,malwarebazaar,2025-10-12 11:05:46,8,0,40,0,-12,1,1760249594,1760249594,trojan.,javascript,_876d4447575c745f6bcf7cdc04088f6c517bee2197ce245161ed3c81c44fce2a.txt,876d4447575c745f6bcf7cdc04088f6c517bee2197ce245161ed3c81c44fce2a,956ed847f2dcb114e2e47d09e5b3dca2,1edeed39ab184c888748b562c61f4467a2a67dcb,104115,JavaScript,success,2025-10-12T11:05:46.020296
5f4accaa3973e4b8d2ba62b896b1590e20f00d51eeb64c5b0451ae4a73610d28,sha256,malwarebazaar,2025-10-12 11:05:54,16,0,46,0,-12,1,1760249601,1760249601,trojan.,javascript,_5f4accaa3973e4b8d2ba62b896b1590e20f00d51eeb64c5b0451ae4a73610d28.txt,5f4accaa3973e4b8d2ba62b896b1590e20f00d51eeb64c5b0451ae4a73610d28,6676b87a3ed0aa33ce45bfdc62f5e716,b12532f47a1a25745122abf0e0ca5fc1c53cef7a,100059,JavaScript,success,2025-10-12T11:05:54.728545
25e37037743af9503882a5b2b274a7fc7038d8f494c65f8fac30b2aed7cbee95,sha256,malwarebazaar,2025-10-12 11:06:03,15,0,44,0,-12,2,1760249992,1760251405,trojan.,javascript,_25e37037743af9503882a5b2b274a7fc7038d8f494c65f8fac30b2aed7cbee95.txt;invoice-1637482117.pdf (173).js,25e37037743af9503882a5b2b274a7fc7038d8f494c65f8fac30b2aed7cbee95,3e57e32c3a4c1d8ec79473dd5787987d,37b9e5cd7269f5c59f08b41742553c4bea43290a,106017,JavaScript,success,2025-10-12T11:06:03.481302
2d15ba206594a73b62b80661427a321224cabebce40ef4f76e95dd0a1b16cf1e,sha256,malwarebazaar,2025-10-12 11:06:12,14,0,48,0,-12,2,1760249501,1760250145,trojan.,javascript,_2d15ba206594a73b62b80661427a321224cabebce40ef4f76e95dd0a1b16cf1e.txt;invoice-1637482117.pdf (172).js,2d15ba206594a73b62b80661427a321224cabebce40ef4f76e95dd0a1b16cf1e,1aa05d66e6efb71a595f645f0f597e5f,3a0e7b74d182f0228bdbf25909a919e0fc3410b9,102078,JavaScript,success,2025-10-12T11:06:12.188870
43875e8bf6d85c673457e7739fdbfb1f7c2883e64f623055f097abbbe0ef33bf,sha256,malwarebazaar,2025-10-12 11:06:20,14,0,48,0,-12,2,1760249614,1760250834,trojan.,javascript,_43875e8bf6d85c673457e7739fdbfb1f7c2883e64f623055f097abbbe0ef33bf.txt;invoice-1637482117.pdf (171).js,43875e8bf6d85c673457e7739fdbfb1f7c2883e64f623055f097abbbe0ef33bf,e88a444955d3bcd1c65cc4b4fbbf3af6,b0b5c812dcc0ef8eae6a3af88a8e44442da13760,105972,JavaScript,success,2025-10-12T11:06:20.944089
06f7ca5527894fcd2fe36802f1a4fe420f28199a022507f2443453f8d2396380,sha256,malwarebazaar,2025-10-12 11:06:29,14,0,48,0,-12,1,1760249669,1760249669,trojan.,javascript,invoice-1637482117.pdf (170).js,06f7ca5527894fcd2fe36802f1a4fe420f28199a022507f2443453f8d2396380,550072f8d745bf1d7b5326e5b5b931f7,0499d9e6cf360719aea70f4cd0d3033b5b69df28,104661,JavaScript,success,2025-10-12T11:06:29.848007
9dabbb8cf72d6dbab26190fa3a20c09b3387ba1c19aa4d397343d3ec5760624f,sha256,malwarebazaar,2025-10-12 11:06:38,14,0,48,0,-12,1,1760249734,1760249734,trojan.,javascript,invoice-1637482117.pdf (169).js,9dabbb8cf72d6dbab26190fa3a20c09b3387ba1c19aa4d397343d3ec5760624f,a05027ae921f4b5631809d211b31e80f,ba84eccf47a2376f57aa50792091d54a98ba1302,103486,JavaScript,success,2025-10-12T11:06:38.602067
b6f60a7c3f523e5b11c0b577b4daa0b15937f5d09acf36ce5ffa09681d0f510b,sha256,malwarebazaar,2025-10-12 11:06:47,14,0,48,0,-12,1,1760249893,1760249893,trojan.,javascript,invoice-1637482117.pdf (168).js,b6f60a7c3f523e5b11c0b577b4daa0b15937f5d09acf36ce5ffa09681d0f510b,cb8436a9540b0a8147aed72b4863fb0a,abc4cf4b0ebf2c8725c2632569acb353ccbebc5e,105985,JavaScript,success,2025-10-12T11:06:47.302980
6348ca3c0573cf1410fbb3f0425b12b48f6d3ea6af1fa86f9f4e718d85ade622,sha256,malwarebazaar,2025-10-12 11:06:56,16,0,46,0,-12,2,1760249771,1760251177,trojan.,javascript,_6348ca3c0573cf1410fbb3f0425b12b48f6d3ea6af1fa86f9f4e718d85ade622.txt;invoice-1637482117.pdf (167).js,6348ca3c0573cf1410fbb3f0425b12b48f6d3ea6af1fa86f9f4e718d85ade622,cae74ada4f341ad98a45e849ffe36378,0ee589720dbc147cb52ab600385ad27a0f77ddf1,102709,JavaScript,success,2025-10-12T11:06:56.024970
9ca53c0bc11ff92312ec476cbbff4eee7bbb9933b8af46596cbdde78f03f36b7,sha256,malwarebazaar,2025-10-12 11:07:04,11,0,43,0,-12,2,1760249926,1760251412,trojan.,javascript,_9ca53c0bc11ff92312ec476cbbff4eee7bbb9933b8af46596cbdde78f03f36b7.txt;invoice-1637482117.pdf (166).js,9ca53c0bc11ff92312ec476cbbff4eee7bbb9933b8af46596cbdde78f03f36b7,699fb901855cf011a67cec807abd2140,360de24a96f3b48d4f22832c0c0f39edf12a75c1,106055,JavaScript,success,2025-10-12T11:07:04.828060
6f9ea9e4197e834740a0836cc7acfd8a2d97dff9c58e67b34b26fcb999d86109,sha256,malwarebazaar,2025-10-12 11:07:13,6,0,37,0,-12,2,1760249847,1760251295,trojan.,javascript,_6f9ea9e4197e834740a0836cc7acfd8a2d97dff9c58e67b34b26fcb999d86109.txt;invoice-1637482117.pdf (165).js,6f9ea9e4197e834740a0836cc7acfd8a2d97dff9c58e67b34b26fcb999d86109,82269af9bf2e374def81bec608ca6cac,1c18294425241cc9ca6b9f2f5f293030d05ce59b,104634,JavaScript,success,2025-10-12T11:07:13.531964
3b2e55d8c65a248178372be74c1cd666bb4f16718020d00aae1bc6d4b50d2d9d,sha256,malwarebazaar,2025-10-12 11:07:22,16,0,46,0,-12,1,1760249823,1760249823,trojan.,javascript,invoice-1637482117.pdf (164).js,3b2e55d8c65a248178372be74c1cd666bb4f16718020d00aae1bc6d4b50d2d9d,a407d11894287fe9a2772c7a52ad3587,a4a393d98221c7ef5ffb0f6e2897d4a6e486b1c6,103380,JavaScript,success,2025-10-12T11:07:22.250442
eed38cfc0a5b51322279d181a1abaa5360020168f08902585a92ff14ea5f48dd,sha256,malwarebazaar,2025-10-12 11:07:31,16,0,44,0,-12,2,1760249799,1760251872,trojan.,javascript,_eed38cfc0a5b51322279d181a1abaa5360020168f08902585a92ff14ea5f48dd.txt;invoice-1637482117.pdf (163).js,eed38cfc0a5b51322279d181a1abaa5360020168f08902585a92ff14ea5f48dd,8ab3b8ccba73cd377ca6adb36fa9cb31,cb209db380e115946e64029eb80d2462a267a4d0,102158,JavaScript,success,2025-10-12T11:07:31.233307
a061dce52ebedf5b6a798c0f717065b019d5c174e1cdce2d8cf209ccb0f38375,sha256,malwarebazaar,2025-10-12 11:07:40,14,0,46,0,-12,1,1760249413,1760249413,trojan.,javascript,_a061dce52ebedf5b6a798c0f717065b019d5c174e1cdce2d8cf209ccb0f38375.txt,a061dce52ebedf5b6a798c0f717065b019d5c174e1cdce2d8cf209ccb0f38375,6e484c513b5720a5d8dcbb22f2efe7d7,26817f21dc40d5dca7c246e278cb895d192248da,101353,JavaScript,success,2025-10-12T11:07:40.208020
1e18643eb2a6cf26175a0450f1133811871253d1f41fafb7b6d041068894bdcf,sha256,malwarebazaar,2025-10-12 11:07:48,14,0,48,0,-12,1,1760249763,1760249763,trojan.,javascript,invoice-1637482117.pdf (161).js,1e18643eb2a6cf26175a0450f1133811871253d1f41fafb7b6d041068894bdcf,70d4ae8f78ef70da160f5d59c532e025,e2c6d543a56ed35ded28715d54c1cf6a7d65e264,104800,JavaScript,success,2025-10-12T11:07:48.905334
22f1120813aed098a8e9327d7859f05579eba2d6c9fc0f7621e649e18cdb7a80,sha256,malwarebazaar,2025-10-12 11:07:57,14,0,47,0,-13,1,1760249733,1760249733,trojan.,javascript,invoice-1637482117.pdf (160).js,22f1120813aed098a8e9327d7859f05579eba2d6c9fc0f7621e649e18cdb7a80,6547c1c0361648e21f2689bc1f61c19e,bf3187ac54e88479040b77c784684dab7423fe3c,102073,JavaScript,success,2025-10-12T11:07:57.632824
27ab95a8bdfea3cca62e61fb8beeb8354e6d95aaff93f5b8eacba096beacab89,sha256,malwarebazaar,2025-10-12 11:08:06,14,0,48,0,-13,1,1760249709,1760249709,trojan.,javascript,invoice-1637482117.pdf (159).js,27ab95a8bdfea3cca62e61fb8beeb8354e6d95aaff93f5b8eacba096beacab89,c0474590f0b48695d9d52740c46f393d,85790b5e2c40001a5f00e45c25773267127cb9ba,105338,JavaScript,success,2025-10-12T11:08:06.332579
568f082fdec9699441161262ffc9fa756d8c5e382389c33c857a42c2e276338a,sha256,malwarebazaar,2025-10-12 11:08:15,14,0,48,0,-12,2,1760249679,1760250962,trojan.,javascript,_568f082fdec9699441161262ffc9fa756d8c5e382389c33c857a42c2e276338a.txt;invoice-1637482117.pdf (158).js,568f082fdec9699441161262ffc9fa756d8c5e382389c33c857a42c2e276338a,9aee4c386d01751b42e974f9c7f0533b,2e959c95d15bcbb3b442d5d1dfb5d0ee1fc117c3,106083,JavaScript,success,2025-10-12T11:08:15.142311
badbd13a5c85fca14d95443ed0e2624c7e66add958151d43ae46826a3295ceaa,sha256,malwarebazaar,2025-10-12 11:08:23,14,0,46,0,-12,2,1760249739,1760252105,trojan.,javascript,_badbd13a5c85fca14d95443ed0e2624c7e66add958151d43ae46826a3295ceaa.txt;invoice-1637482117.pdf (157).js,badbd13a5c85fca14d95443ed0e2624c7e66add958151d43ae46826a3295ceaa,e1c9c9941b240e1607c984175fb8ec39,63acdcffc164e6c307f95c2360e6bee4beccc3fb,98831,JavaScript,success,2025-10-12T11:08:23.850358
362122567f3039359fbaa848dcb4b47ab4e54fd4e984781ed964dba6eea07011,sha256,malwarebazaar,2025-10-12 11:08:32,14,0,48,0,-11,1,1760249986,1760249986,trojan.,javascript,invoice-1637482117.pdf (156).js,362122567f3039359fbaa848dcb4b47ab4e54fd4e984781ed964dba6eea07011,1e85d80d1bc4d9a4c6becbffb7306116,b600ff49fe3cb3320ec9d412b57866ce5f206655,102671,JavaScript,success,2025-10-12T11:08:32.544960
a11d3a36ea213401f2748148c891311f98983554ab07bdd6d3b430e08d781947,sha256,malwarebazaar,2025-10-12 11:08:41,13,0,42,0,-12,1,1760249607,1760249607,trojan.,javascript,invoice-1637482117.pdf (155).js,a11d3a36ea213401f2748148c891311f98983554ab07bdd6d3b430e08d781947,b5614b6c0eca4a782b061f33ec89dd62,bf540ab8b2e257ce7131181dcce325eae30c9ba3,103960,JavaScript,success,2025-10-12T11:08:41.484172
1c1688c273336c6ed56d81ae95dcacf5dedcb2b3995730a2fee04e3c6f87fd39,sha256,malwarebazaar,2025-10-12 11:08:50,13,0,42,0,-12,2,1760249591,1760252231,trojan.,javascript,_1c1688c273336c6ed56d81ae95dcacf5dedcb2b3995730a2fee04e3c6f87fd39.txt;invoice-1637482117.pdf (154).js,1c1688c273336c6ed56d81ae95dcacf5dedcb2b3995730a2fee04e3c6f87fd39,901dcb5eed02a6efcd7168295bef35b2,d7fd7058d7b4189d217ead18e4fd8512d2762848,105387,JavaScript,success,2025-10-12T11:08:50.226124
617954e740100b36014fbf9ec0ae6cc8b1a06bca2ca8906df166b01f171b23dd,sha256,malwarebazaar,2025-10-12 11:08:58,14,0,48,0,-12,1,1760249593,1760249593,trojan.,javascript,invoice-1637482117.pdf (153).js,617954e740100b36014fbf9ec0ae6cc8b1a06bca2ca8906df166b01f171b23dd,2f6aedb31c84e9460fe4c21bc3b3d09f,481b9c105cb73fd68e2e8ef567ff761a36befe9a,105265,JavaScript,success,2025-10-12T11:08:58.978087
0f247d2f71ba3437f3248d99e6a480b87d6cf1e0feac039cf1178550ed979f01,sha256,malwarebazaar,2025-10-12 11:09:07,14,0,47,0,-12,2,1760249565,1760252122,trojan.,javascript,_0f247d2f71ba3437f3248d99e6a480b87d6cf1e0feac039cf1178550ed979f01.txt;invoice-1637482117.pdf (152).js,0f247d2f71ba3437f3248d99e6a480b87d6cf1e0feac039cf1178550ed979f01,e287641c1aabd262f6fe8fc8f938b597,d3635808177adcf942e3f71759a395d9a3e2a20e,107992,JavaScript,success,2025-10-12T11:09:07.668836
db6eb8c6d8d1388ec23ca32526009455fecf58a51557ef64bb13f0bcb46664e8,sha256,malwarebazaar,2025-10-12 11:09:16,16,0,46,0,-12,2,1760249547,1760251102,trojan.,javascript,_db6eb8c6d8d1388ec23ca32526009455fecf58a51557ef64bb13f0bcb46664e8.txt;invoice-1637482117.pdf (151).js,db6eb8c6d8d1388ec23ca32526009455fecf58a51557ef64bb13f0bcb46664e8,3b7ff2dc44481d6d297e30df8865f3a0,d90ac7b7a31f22f4e5fbe135689c9ddfc5d93f14,102095,JavaScript,success,2025-10-12T11:09:16.410051
1db3df87facac7ad4bf2fc7f9c49392f6f1cd69ce3d5db0d7b1a23074ad0dd69,sha256,malwarebazaar,2025-10-12 11:09:23,,,,,,,,,,,,,,,,,http_error_22,2025-10-12T11:09:23.380463
85c627524472e3314338bc508ac699e9ee952bef6be7b2d7f267fc44f5a8dba3,sha256,malwarebazaar,2025-10-12 11:09:32,32,0,32,0,-12,1,1760248970,1760248970,trojan.gafgyt/mirai,elf;spreader,system.elf,85c627524472e3314338bc508ac699e9ee952bef6be7b2d7f267fc44f5a8dba3,324a5e85263922e73b25d721f4ab070c,43463674b390c26da07d5a7cbe67d439fd9217c8,130246,ELF,success,2025-10-12T11:09:32.473418
8b95404d2c2de41d318726bef33a0bcdcabc169913a0290cb8fb5437afa732c2,sha256,malwarebazaar,2025-10-12 11:09:41,32,0,32,0,-11,1,1760247855,1760247855,trojan.gafgyt/ddos,elf;spreader,telnetd.elf,8b95404d2c2de41d318726bef33a0bcdcabc169913a0290cb8fb5437afa732c2,1a3ff21ae1400139bf66dc1060c39fef,ce41953bf0797c7fdf56bd7513baca34b0deb62d,184423,ELF,success,2025-10-12T11:09:41.475655
0134ef12011412ba174f42840888cd5155b5221a4dc104136f019ab844e4f63b,sha256,malwarebazaar,2025-10-12 11:09:50,33,0,31,0,-11,2,1760246649,1760250543,trojan.gafgyt/ddos,elf;spreader,pnyp25w.exe;0134ef12011412ba174f42840888cd5155b5221a4dc104136f019ab844e4f63b.elf;sshd.elf,0134ef12011412ba174f42840888cd5155b5221a4dc104136f019ab844e4f63b,6dffbc90dfb0567087f4363dcbfaa486,d8d8a34e0bb69064fffdef8a4d39941610507c77,182222,ELF,success,2025-10-12T11:09:50.230908
98b0356eb57747abf0f7aa3aac9c5ebee23164227fcbdf7a6e2984647b207334,sha256,malwarebazaar,2025-10-12 11:09:58,22,0,42,0,-11,1,1760246261,1760246261,trojan.mirai/gafgyt,arm;elf;persistence;detect-debug-environment;checks-cpu-name,rlqnn.exe;copy,98b0356eb57747abf0f7aa3aac9c5ebee23164227fcbdf7a6e2984647b207334,bd120da69f4d2cb5adc26b3d545d7309,00a73dc8220186fc6fdf935c097e1de612b8dad7,235416,ELF,success,2025-10-12T11:09:58.949983
2c50b451d480e121be0ae94706fc956688ec4970014968126d153ca45aed2366,sha256,malwarebazaar,2025-10-12 11:10:08,23,0,43,0,0,3117,1754138607,1759692214,trojan.boogr/ojelt,runtime-modules;android;contains-elf;apk;crypto;obfuscated;checks-gps;reflection;telephony,Spotify-Premium-v9.1.0.490-spotifypremiumapk.pk.apk;Spotify_Premium_spotiffymodapk.com.apk;Spotify-Premium-v9.1.0.490.apk;spotify-premium-v9.0.72.939.apk;Spotify-Premium-APK-spotifypremiumsapk.com.mx.apk,2c50b451d480e121be0ae94706fc956688ec4970014968126d153ca45aed2366,6ba86e7cc3652590e0ec4b4dbc0162a7,0a91d4c980e0c206ab649166e558351105104be9,93797441,Android,success,2025-10-12T11:10:08.019546
483994d47c07d3cc14da050b1c6db9167bb9eef388a33aad5b3910ece49a830c,sha256,malwarebazaar,2025-10-12 11:10:16,21,0,43,0,-11,1,1760245124,1760245124,trojan.mirai/gafgyt,arm;elf;persistence;detect-debug-environment;checks-cpu-name,arm7.urbotnetisass,483994d47c07d3cc14da050b1c6db9167bb9eef388a33aad5b3910ece49a830c,31a5918feb6c4ec3190c84e0d73f201e,0dfe2aaf66c7a10b6ca3bcd305db3962e1929ba1,275764,ELF,success,2025-10-12T11:10:16.757000
a28ba2c86793fdc59244babe507f419e4cfa658bd61a5dd178ae090a5e795984,sha256,malwarebazaar,2025-10-12 11:10:25,23,0,41,0,-11,1,1760244120,1760244120,trojan.mirai/possible,arm;elf;detect-debug-environment,copy,a28ba2c86793fdc59244babe507f419e4cfa658bd61a5dd178ae090a5e795984,afa3d08941f2f6ab594542d8f4ded642,f04f91954e5384d16bd87f1de71106b1c624fc44,198428,ELF,success,2025-10-12T11:10:25.591293
89936f49e50a14f7c17b9ed52f01677b1cba93ff5d631fff8675a5eb68c7ceb2,sha256,malwarebazaar,2025-10-12 11:10:34,22,0,42,0,-11,1,1760247015,1760247015,trojan.mirai/gafgyt,elf;spreader,89936f49e50a14f7c17b9ed52f01677b1cba93ff5d631fff8675a5eb68c7ceb2.elf,89936f49e50a14f7c17b9ed52f01677b1cba93ff5d631fff8675a5eb68c7ceb2,acd9248854c8d24068fdc635cd5d5eac,20bace1447cfa5d8b38d5cfbaa3694d6d99c3faa,227700,ELF,success,2025-10-12T11:10:34.375281
ca4b08290defaabf659189cf6f982eb4b0e281360c69d07f7fbfc8e0cd63f976,sha256,malwarebazaar,2025-10-12 11:10:43,3,0,62,0,0,17,1755810281,1755810281,,apk;android;checks-network-adapters;checks-gps;telephony;reflection,VSCO_v437_bestvscoapk.com.apk;VSCO_v437_MOD.com.apk;VSCO_v437_MOD_modded-1.com.apk;com.vsco.cam_437_100026364.apk;com.vsco.cam_437.apk,ca4b08290defaabf659189cf6f982eb4b0e281360c69d07f7fbfc8e0cd63f976,9ceca3c9299bae8c1246b245ec7ce804,e9b987278ed06c4d8071c1b43f1b027ce16bd10c,84591743,Android,success,2025-10-12T11:10:43.392097
b7a9a2f065fdef1ad28eec604e4b898362648c378585f5281f873bea5cd4a769,sha256,malwarebazaar,2025-10-12 11:10:52,,,,,,,,,,,,,,,,,http_error_22,2025-10-12T11:10:52.148064
f4946b27267c603871ff2a00cfce51e49993eb1528240d4d028030f119bab328,sha256,malwarebazaar,2025-10-12 11:11:00,,,,,,,,,,,,,,,,,http_error_22,2025-10-12T11:11:00.830877
52456d908d99b33a3dfc07c2e17a4e2dff6e9488bb0f36fe2e240a3d24ba00b2,sha256,malwarebazaar,2025-10-12 11:11:09,48,0,24,0,-12,5,1760234735,1760242655,trojan.msil/quasar,detect-debug-environment;calls-wmi;peexe;assembly;spreader;obfuscated;checks-bios,52456d908d99b33a3dfc07c2e17a4e2dff6e9488bb0f36fe2e240a3d24ba00b2.exe;xCTcIiB.exe;Client.exe;_52456d908d99b33a3dfc07c2e17a4e2dff6e9488bb0f36fe2e240a3d24ba00b2.exe;navlh1.exe,52456d908d99b33a3dfc07c2e17a4e2dff6e9488bb0f36fe2e240a3d24ba00b2,11806b44f7acbe619c1c7e0a48e758d5,7b70104c2cd29a5eae6db8c58972fc9f49cfe324,878592,Win32 EXE,success,2025-10-12T11:11:09.628135
cd9dcae63b3afbddce442bd729d56f3d87fcd5c5bebb0335e3ccf12c49210cff,sha256,malwarebazaar,2025-10-12 11:11:18,28,0,33,0,-1,4,1760233303,1760242250,trojan.themida,overlay;persistence;peexe;malware;detect-debug-environment;long-sleeps;executes-dropped-file,cd9dcae63b3afbddce442bd729d56f3d87fcd5c5bebb0335e3ccf12c49210cff.exe;rvow6.exe;cd9dcae63b3afbddce442bd729d56f3d87fcd5c5bebb0335e3ccf12c49210cff.bin,cd9dcae63b3afbddce442bd729d56f3d87fcd5c5bebb0335e3ccf12c49210cff,16bb18b13996980fe1c7f0a4a7897421,4fdf58af8f4aa18a0e7a40d018ded0378e03785e,4416800,Win32 EXE,success,2025-10-12T11:11:18.433363
ae080ab61bd62ce34807a55aaff23188d879f6c0df127cbe960087a23d8bd05f,sha256,malwarebazaar,2025-10-12 11:11:27,2,0,65,0,0,3,1760238853,1760242813,,peexe;detect-debug-environment;64bits,a7Myec8.exe;_ae080ab61bd62ce34807a55aaff23188d879f6c0df127cbe960087a23d8bd05f.exe;Locales;locales.exe;dezu6xa.exe,ae080ab61bd62ce34807a55aaff23188d879f6c0df127cbe960087a23d8bd05f,73cabd4e9e127b81ab142218b03b1b32,41f8df9d805868043a0e29063c2b8f2cb1c6c712,1024000,Win32 EXE,success,2025-10-12T11:11:27.294750
26b5e47cfa0358a4f1dedbf2c0accb4900f4d1319d493c7b1c1a45ed082d8fff,sha256,malwarebazaar,2025-10-12 11:11:36,40,0,32,0,-12,4,1760190555,1760228153,trojan.themida/convagent,spreader;executes-dropped-file;peexe;long-sleeps;detect-debug-environment,GOPxlMb.exe;svchost.exe;okcnj2ayx.exe;26b5e47cfa0358a4f1dedbf2c0accb4900f4d1319d493c7b1c1a45ed082d8fff.bin,26b5e47cfa0358a4f1dedbf2c0accb4900f4d1319d493c7b1c1a45ed082d8fff,879c8a15dc5b32399ca9e93bcc66f9c6,6d3f048d2884fe9d25b5933134f98393fad00520,2927616,Win32 EXE,success,2025-10-12T11:11:36.114897
36b2fba9c11bfaaebc80aff915f5affe6c084ab99faefc15565c171a2d077266,sha256,malwarebazaar,2025-10-12 11:11:45,54,0,14,0,-12,5,1760187512,1760242820,trojan.msil/quasar,obfuscated;calls-wmi;long-sleeps;spreader;checks-bios;detect-debug-environment;assembly;peexe,36b2fba9c11bfaaebc80aff915f5affe6c084ab99faefc15565c171a2d077266.exe;_36b2fba9c11bfaaebc80aff915f5affe6c084ab99faefc15565c171a2d077266.exe;Client.exe;OYRd3fj.exe;svchost.exe,36b2fba9c11bfaaebc80aff915f5affe6c084ab99faefc15565c171a2d077266,c974302148f5c21364c07081ba060724,4f7d008ba81dd157d725a70313cbe599c73787aa,880128,Win32 EXE,success,2025-10-12T11:11:45.885339
fb710f58f94eba2aaf7e08c8244c7db62b54846c1172ae2c67d5d3c136b011f7,sha256,malwarebazaar,2025-10-12 11:11:54,28,0,41,0,-12,4,1760208232,1760243055,trojan.vmprotect,detect-debug-environment;64bits;peexe;executes-dropped-file,svchost.exe;_fb710f58f94eba2aaf7e08c8244c7db62b54846c1172ae2c67d5d3c136b011f7.exe;abqff.exe;LuFix Discord Nitro Client.exe,fb710f58f94eba2aaf7e08c8244c7db62b54846c1172ae2c67d5d3c136b011f7,8bf8f3b72d3a99b3dd87b7ca17092637,1ff69c93dddb91290382567b867a96c9b6696853,8983552,Win32 EXE,success,2025-10-12T11:11:54.722152
a6df474da97abcd50fc5118fb29e6d8487d311528bf9f312a26e185ccacaec63,sha256,malwarebazaar,2025-10-12 11:12:03,29,0,37,0,-1,3,1760179943,1760242710,trojan.,detect-debug-environment;peexe;64bits,_a6df474da97abcd50fc5118fb29e6d8487d311528bf9f312a26e185ccacaec63.exe;5YuriEA.exe;fo3c7.exe,a6df474da97abcd50fc5118fb29e6d8487d311528bf9f312a26e185ccacaec63,1df7d7bd6a317187bae9961eec0bfef6,c4ab324b2476789260e51b9c3ed4670efa848d58,624128,Win32 EXE,success,2025-10-12T11:12:03.405277
77680b1d4c3a786cce010cedf72f3ee14c27f3251ff395ec8faf47b7124244f0,sha256,malwarebazaar,2025-10-12 11:12:12,29,0,39,0,-1,3,1760241208,1760241917,trojan.ulise/bladabindi,64bits;detect-debug-environment;peexe;long-sleeps,file.exe;hf39syi.exe,77680b1d4c3a786cce010cedf72f3ee14c27f3251ff395ec8faf47b7124244f0,901dc16637a0cde4fd2e17abc221dc5e,4c61b6d77a3197ca060e3cdb59afde2ccb7dc930,2427904,Win32 EXE,success,2025-10-12T11:12:12.127692
8f737c9a7348b1af13d7ce183b6ee8b59e2fc87e67667a091d5a936529c0d054,sha256,malwarebazaar,2025-10-12 11:12:20,12,0,47,0,-12,3,1760236241,1760242399,trojan.,peexe;checks-disk-space;detect-debug-environment;long-sleeps;overlay;executes-dropped-file,LTT9bLQ.exe;8f737c9a7348b1af13d7ce183b6ee8b59e2fc87e67667a091d5a936529c0d054.exe;xbr7tgnr.exe;8f737c9a7348b1af13d7ce183b6ee8b59e2fc87e67667a091d5a936529c0d054.bin,8f737c9a7348b1af13d7ce183b6ee8b59e2fc87e67667a091d5a936529c0d054,3b5aeb4197a7a44a6f2a23c3f33c4103,47835c212da3c00a661ed30c27ba29367feb94f1,3470331,Win32 EXE,success,2025-10-12T11:12:20.828897
32aa50892c6414bfb693c10e639642fb605236edf6b5579ea1211fefc0accb7e,sha256,malwarebazaar,2025-10-12 11:12:29,54,0,18,0,-12,2,1759973908,1760250986,trojan.msil/bladabindi,assembly;peexe;calls-wmi;malware;persistence;spreader,Boyut.exe;906F9A118A414B6DB7F50DECC07A609D.exe;ah9r4.exe;exemplar,32aa50892c6414bfb693c10e639642fb605236edf6b5579ea1211fefc0accb7e,906f9a118a414b6db7f50decc07a609d,3ef237f72a2cb610719a7e0a763714ac0d8a099a,79872,Win32 EXE,success,2025-10-12T11:12:29.601852
a69127f1d623767d8aad349499e1bd75b53291ec960834725cb01294f8b450c4,sha256,malwarebazaar,2025-10-12 11:12:38,16,0,34,0,0,1,1760240751,1760240751,trojan.mirai/bootnet,arm;persistence;elf;detect-debug-environment,copy;r7nl9n.exe,a69127f1d623767d8aad349499e1bd75b53291ec960834725cb01294f8b450c4,5a397e1cc89e789d29edb3f5b2235151,6e8928d48c283444448cca66ad9add7cf3e82435,164488,ELF,success,2025-10-12T11:12:38.321567
ec2ce22af9b9215d78bf3ea71539017b73c765e0e2d9275cf51088fadc055c62,sha256,malwarebazaar,2025-10-12 11:12:47,14,0,52,0,0,1,1760239903,1760239903,trojan.spymax/spyagent,apk;android;sends-sms;checks-gps;telephony;reflection,wm024.exe;o1l3ek8e.apk,ec2ce22af9b9215d78bf3ea71539017b73c765e0e2d9275cf51088fadc055c62,e703f6eb59c32aab740f2878f1e86520,54c670f6ee376395727838c8a1c39e17aba6ffd8,3913159,Android,success,2025-10-12T11:12:47.183552
99b49622032cec0dc901aaaa7fe74bbe467cc4224b3cf3d1e6c2e667df27b7c2,sha256,malwarebazaar,2025-10-12 11:12:55,32,0,30,0,-11,1,1760239863,1760239863,trojan.mirai/bonb,elf,i8mrmr.exe;morte.spc.elf,99b49622032cec0dc901aaaa7fe74bbe467cc4224b3cf3d1e6c2e667df27b7c2,b0549c34705468a114c094441d68b345,679829c62ac9c15e2c2092245769dccfd1d44cd3,87176,ELF,success,2025-10-12T11:12:55.928675
f5362f0e66656ec786d48c3385551bdb8cacf5be8445608fb08c4ab20da6b3ba,sha256,malwarebazaar,2025-10-12 11:13:04,62,0,10,0,-12,2,1760217933,1760237464,trojan.bladabindi/msil,checks-usb-bus;checks-user-input;persistence;peexe;calls-wmi;malware;assembly,874c251df4ad58ca05d485820464b7d0.exe;556ybcn1.exe;svchost.exe,f5362f0e66656ec786d48c3385551bdb8cacf5be8445608fb08c4ab20da6b3ba,a76e38a17f86d21961ef59b713d48fc9,701c6cecaad59ab97ecc60b90b9410d0b56550fc,37888,Win32 EXE,success,2025-10-12T11:13:04.803381
bee9c25fe35b4a590540518d411e378026856c6e3af5c03cdc37e7b1d919b017,sha256,malwarebazaar,2025-10-12 11:13:13,34,0,30,0,-12,2,1760236113,1760236113,trojan.mirai/bonb,elf;corrupted,bee9c25fe35b4a590540518d411e378026856c6e3af5c03cdc37e7b1d919b017.elf;mtue3e.exe;morte.m68k.elf,bee9c25fe35b4a590540518d411e378026856c6e3af5c03cdc37e7b1d919b017,2a39b705af9e4e1b836737eb06d1fd51,aa03c2fafa93f50023ccf6d70f720bc8416494a6,91732,ELF,success,2025-10-12T11:13:13.619865
4aae91b953668740e0fd7b4ff53166ad00eec8222175d212956d124b31e9a437,sha256,malwarebazaar,2025-10-12 11:13:22,62,0,10,0,-12,4,1760106050,1760235518,trojan.farfli/zusy,checks-user-input;spreader;peexe;detect-debug-environment;checks-usb-bus;malware;persistence;long-sleeps,4aae91b953668740e0fd7b4ff53166ad00eec8222175d212956d124b31e9a437.exe;_4aae91b953668740e0fd7b4ff53166ad00eec8222175d212956d124b31e9a437.exe;58nd5a0dd.exe;2025-10-10_a8e21ad0252398a5086b782ae59d680b_amadey_elex_karagany_rhadamanthys_smoke-loader,4aae91b953668740e0fd7b4ff53166ad00eec8222175d212956d124b31e9a437,a8e21ad0252398a5086b782ae59d680b,b0432c80e24c026f1a307d6806f5b388a29255d2,111104,Win32 EXE,success,2025-10-12T11:13:22.422785
dfc4f3937a61828511c1f70fb56a0cc3104f80e957c0fd582b3f750136f510a7,sha256,malwarebazaar,2025-10-12 11:13:31,60,0,12,0,-12,3,1759947419,1760230692,trojan.msil/olock,peexe;overlay;assembly;spreader,dfc4f3937a61828511c1f70fb56a0cc3104f80e957c0fd582b3f750136f510a7.exe;_dfc4f3937a61828511c1f70fb56a0cc3104f80e957c0fd582b3f750136f510a7.exe;1.exe;tsopo3.exe,dfc4f3937a61828511c1f70fb56a0cc3104f80e957c0fd582b3f750136f510a7,6475c021a81f73ecadd009db501b0e81,70bc4a021814d3dcc68eac88f10d5b82c89f4105,103744,Win32 EXE,success,2025-10-12T11:13:31.202662
39130309244eebbbd0b4a53fc01d0577ab4daf451106b841da3f526dc6b736a6,sha256,malwarebazaar,2025-10-12 11:13:40,55,0,16,0,-12,4,1759970567,1760248998,trojan.msil/xworm,persistence;checks-user-input;calls-wmi;long-sleeps;detect-debug-environment;peexe;assembly,EqualizerAPO-x64-1.42.exe;39130309244eebbbd0b4a53fc01d0577ab4daf451106b841da3f526dc6b736a6.exe;_39130309244eebbbd0b4a53fc01d0577ab4daf451106b841da3f526dc6b736a6.exe;9kgk9h18.exe,39130309244eebbbd0b4a53fc01d0577ab4daf451106b841da3f526dc6b736a6,228e307b706d78a82ba202d9ed8d6732,9255d84c83b0536d9b8204b69d0695d59960f8e1,54784,Win32 EXE,success,2025-10-12T11:13:40.026431
de44360fee6825c88f3ffd42295df77a08502d8659a8ecbad9a348284df3b093,sha256,malwarebazaar,2025-10-12 11:50:02,34,0,30,0,-11,1,1760255830,1760255830,trojan.gafgyt/ddos,elf;sets-process-name;detect-debug-environment;service-scan;checks-cpu-name,aeyq7.exe;cron.elf,de44360fee6825c88f3ffd42295df77a08502d8659a8ecbad9a348284df3b093,479f6ce1ea0b8cc71348dbfa94594bf1,71e16f13a61047aa9037e9d1c3563ea906543153,116115,ELF,success,2025-10-12T11:50:02.063681
d8b408cda5cb4c581a9469193a6cca2ac940a7d01f24e01f7f3c44dfd868d824,sha256,malwarebazaar,2025-10-12 11:50:10,31,0,33,0,-11,1,1760255679,1760255679,trojan.gafgyt/ddos,elf;spreader,tnhjsb8.exe;rsyslogd.elf,d8b408cda5cb4c581a9469193a6cca2ac940a7d01f24e01f7f3c44dfd868d824,f2995f9864be8eb9e41679af22a60343,47f56bf499f7f5441a092ffbb33bbb46b8d585f4,136715,ELF,success,2025-10-12T11:50:10.795312
c45dae76b08c1d5842f98e5084de1dc8712befe9bf9e36569a9d77a6cba3b7f1,sha256,malwarebazaar,2025-10-12 11:50:19,19,0,45,0,-11,1,1760250225,1760250225,trojan.mirai/gafgyt,elf;persistence;detect-debug-environment;checks-cpu-name,c45dae76b08c1d5842f98e5084de1dc8712befe9bf9e36569a9d77a6cba3b7f1.raw,c45dae76b08c1d5842f98e5084de1dc8712befe9bf9e36569a9d77a6cba3b7f1,b99712714a676b256f0370d9b70d8e7c,25506a08d2648b324f9686c81b1ba866e065307b,217740,ELF,success,2025-10-12T11:50:19.490397
fee33198a6ff934f6ee9a3ce93eafb04853dc3325161fd76813c1a729f53ae86,sha256,malwarebazaar,2025-10-12 11:50:28,,,,,,,,,,,,,,,,,http_error_22,2025-10-12T11:50:28.423415
e4df460eaaccf5e2d70c91b5fe0c6d73f32a51e2c67cf91ed5668835a9ec1a67,sha256,malwarebazaar,2025-10-12 11:50:37,18,0,38,0,0,3,1760214634,1760251889,trojan.reverseshell/lhhqo,peexe;64bits,home.html;2025-10-12_f8a85ecca5e451a6d7ef0bece6548140_cobalt-strike_frostygoop_gcleaner_luca-stealer;cwktz56qo.exe,e4df460eaaccf5e2d70c91b5fe0c6d73f32a51e2c67cf91ed5668835a9ec1a67,f8a85ecca5e451a6d7ef0bece6548140,9504725476023b6041ec6475d67cb528fe81a003,2015744,Win32 EXE,success,2025-10-12T11:50:37.158317
1db3df87facac7ad4bf2fc7f9c49392f6f1cd69ce3d5db0d7b1a23074ad0dd69,sha256,malwarebazaar,2025-10-12 11:50:46,,,,,,,,,,,,,,,,,http_error_22,2025-10-12T11:50:46.075728
b7a9a2f065fdef1ad28eec604e4b898362648c378585f5281f873bea5cd4a769,sha256,malwarebazaar,2025-10-12 11:50:54,,,,,,,,,,,,,,,,,http_error_22,2025-10-12T11:50:54.784121
f4946b27267c603871ff2a00cfce51e49993eb1528240d4d028030f119bab328,sha256,malwarebazaar,2025-10-12 11:51:03,,,,,,,,,,,,,,,,,http_error_22,2025-10-12T11:51:03.456652
493a5cfcace9d77557a1da3ca8fbbdbff2e22d27f9d699f9d25f517d2885fd8e,sha256,malwarebazaar,2025-10-12 11:51:12,,,,,,,,,,,,,,,,,http_error_22,2025-10-12T11:51:12.181724
baf7c0b50ec1ddf9758097f2c085325de746eb3fd4b514e0639d5866d5d79a45,sha256,malwarebazaar,2025-10-12 11:51:21,35,0,27,0,-12,1,1760221216,1760221216,downloader.medusa/shell,shell;detect-debug-environment;service-scan,ohshit.sh,baf7c0b50ec1ddf9758097f2c085325de746eb3fd4b514e0639d5866d5d79a45,c66333d450c277d3a489500992b88ad5,79f2d36a307e7b714d303de4d90713bb7bed0e1b,3019,Shell script,success,2025-10-12T11:51:21.150296
919a5cfc45d37267ee346e4fc80dc04c54c974bf37eeeb2283ee5e7e7357b38e,sha256,malwarebazaar,2025-10-12 11:51:29,7,0,64,0,-12,2,1760184917,1760220260,,overlay;peexe;64bits,_919a5cfc45d37267ee346e4fc80dc04c54c974bf37eeeb2283ee5e7e7357b38e;system_service.exe,919a5cfc45d37267ee346e4fc80dc04c54c974bf37eeeb2283ee5e7e7357b38e,273a9c19ce85028d3ca2e8e42a3a8e1b,ca198c6b87f612b05600995ef34aeb7100a23e5d,68236910,Win32 EXE,success,2025-10-12T11:51:29.992280
525b4b0dd023a7bd15a3f9833d3ae843907dffcaa3ff465b20ba6976c9070032,sha256,malwarebazaar,2025-10-12 11:51:38,0,0,65,0,0,2,1760220980,1760220980,,64bits;elf,525b4b0dd023a7bd15a3f9833d3ae843907dffcaa3ff465b20ba6976c9070032.elf;licyauz12.exe,525b4b0dd023a7bd15a3f9833d3ae843907dffcaa3ff465b20ba6976c9070032,78bbe379f691b058c2dc2c1716bf63f8,ec66c1f0acd71b504320c2008ad56540cbacd3f7,1174328,ELF,success,2025-10-12T11:51:38.777402
2292b4e14bc6de87cd65976b4c7567b07ced423bcd208d0d62a6e5c5fd564cfb,sha256,malwarebazaar,2025-10-12 11:51:47,28,0,37,0,-11,3,1760218805,1760255201,trojan.kaiji/ares,persistence;long-sleeps;elf;64bits;detect-debug-environment;malware,2292b4e14bc6de87cd65976b4c7567b07ced423bcd208d0d62a6e5c5fd564cfb.elf;linux_amd64;wl5crao1.exe;linux_amd64.elf,2292b4e14bc6de87cd65976b4c7567b07ced423bcd208d0d62a6e5c5fd564cfb,4ac239b2bb8d8444e767f348e7795aa3,a4a37ecbac74762f96bfe58e10a9e09548b4ee28,2011136,ELF,success,2025-10-12T11:51:47.726011
750490e2c418ece6727049ea2791c95e15a47c0389b4b529835c46998bbc1b64,sha256,malwarebazaar,2025-10-12 11:51:56,17,0,45,0,-11,1,1760218798,1760218798,downloader.gen2/sagent,shell;detect-debug-environment;long-sleeps;persistence;self-delete;malware;cve-2009-0850;exploit,download.sh,750490e2c418ece6727049ea2791c95e15a47c0389b4b529835c46998bbc1b64,291396c20878a4d47d0264cb89937b8c,4b95bd3c79be36a8ec80a62cb18cdc46a6ca0624,5169,Shell script,success,2025-10-12T11:51:56.532470
0cbe136936be1de5ae6f06db325640df74de679a291864e2851abf41421a3f3d,sha256,malwarebazaar,2025-10-12 11:52:05,25,0,39,0,-11,1,1760218775,1760218775,trojan.kaiji/ares,elf,linux_mipsel;3766uyvd.exe;linux_mipsel.elf,0cbe136936be1de5ae6f06db325640df74de679a291864e2851abf41421a3f3d,2794f00ff72b9a04dfb277490b91f7c9,234cbf97e85d747feb005c5d61dad0d55cbe79b6,2293760,ELF,success,2025-10-12T11:52:05.246852
33e0d182a16513a504e81a9d5ae51b0c1a4305d403c1f13f97d1da98635a6768,sha256,malwarebazaar,2025-10-12 11:52:13,20,0,44,0,-12,1,1760218778,1760218778,trojan.kaiji/ares,elf;arm;detect-debug-environment;long-sleeps;persistence;malware,linux_arm5;linux_arm5.elf;g7lsb8rfg.exe,33e0d182a16513a504e81a9d5ae51b0c1a4305d403c1f13f97d1da98635a6768,10d3e39b36556eb096c9ec6c5e432e5d,317fafc111a66b3a63d1043f140ee932e356732e,2097152,ELF,success,2025-10-12T11:52:13.968130
d59be967fef9706edce7f7494644b5670ea478adc15c8b367cdaad205f86d03a,sha256,malwarebazaar,2025-10-12 11:52:22,23,0,42,0,-11,1,1760218750,1760218750,trojan.kaiji/ares,elf;detect-debug-environment;long-sleeps;persistence;malware,linux_386;linux_386.elf,d59be967fef9706edce7f7494644b5670ea478adc15c8b367cdaad205f86d03a,7944c4cb6ad7d9e5267eb106830afba8,f0c0c485e11f69dc936f727dfdff871a4f15f6cc,1916928,ELF,success,2025-10-12T11:52:22.747301
e7339d52347171938476bbc4dffb2972f45cf24718f7ff081969cb93eac2a511,sha256,malwarebazaar,2025-10-12 11:52:31,18,0,46,0,-11,1,1760218655,1760218655,trojan.kaiji/ares,elf,linux_mips;rwnbuaj.exe;linux_mips.elf,e7339d52347171938476bbc4dffb2972f45cf24718f7ff081969cb93eac2a511,f0d75f49617adb7b978b4f66fa679e36,7dd785cc34aa211d9a4d80bd63f64198ec2b8c03,2293760,ELF,success,2025-10-12T11:52:31.506369
c22a16aabf076a52cb1f7f58ce22597421e1398158003c3089011ac22edaca99,sha256,malwarebazaar,2025-10-12 11:52:40,22,0,42,0,-11,1,1760218659,1760218659,trojan.kaiji/ares,elf;arm;detect-debug-environment;long-sleeps;persistence;malware,linux_arm7;416eks43.exe;linux_arm7.elf,c22a16aabf076a52cb1f7f58ce22597421e1398158003c3089011ac22edaca99,89089a1044c083ef24acf342602d6264,8dc38a6d042e1fb803fcbac097a6dfc696113540,2097152,ELF,success,2025-10-12T11:52:40.291619
f2182860c207d422afb1d924e737074f02370ef7f09a6be8d92c69f7057239f0,sha256,malwarebazaar,2025-10-12 11:52:49,16,0,48,0,-12,1,1760218505,1760218505,trojan.kaiji/ares,64bits;arm;elf;detect-debug-environment;long-sleeps;persistence;malware,linux_aarch64;hs2r9zph9.exe;linux_aarch64.elf,f2182860c207d422afb1d924e737074f02370ef7f09a6be8d92c69f7057239f0,b06f1776f4a9c05cc3fbc43fcf9f80ae,4bede17b51d5d49e3e89e7a773080b8b9ae90c7c,2031616,ELF,success,2025-10-12T11:52:49.436351
a7b74847260af8d7a1d119bdd925d92a2206e7e80710b6415d9600ea28982e0c,sha256,malwarebazaar,2025-10-12 11:52:58,23,0,41,0,-11,1,1760218638,1760218638,trojan.kaiji/ares,elf;arm;detect-debug-environment;long-sleeps;persistence;malware,linux_arm6;1ab0ro2.exe;linux_arm6.elf,a7b74847260af8d7a1d119bdd925d92a2206e7e80710b6415d9600ea28982e0c,ab1ddee1457d601ab824586925ef7f15,0da589e6209848a71f576b72fa0a841ddfc15c58,2097152,ELF,success,2025-10-12T11:52:58.184099
2be6134c467bc71443e76ad1112c8ae3cd95e13c44e13a109de5f64916006f61,sha256,malwarebazaar,2025-10-12 11:53:07,56,0,15,0,-12,2,1760071837,1760234056,trojan.msil/xworm,calls-wmi;peexe;checks-user-input;assembly,12345.exe;_2be6134c467bc71443e76ad1112c8ae3cd95e13c44e13a109de5f64916006f61.exe;mpons.exe,2be6134c467bc71443e76ad1112c8ae3cd95e13c44e13a109de5f64916006f61,0432ba7a2f50b979166e1cc129a0537b,0313afefdaed386accb1dfeac4e2379ac1ed59ab,38400,Win32 EXE,success,2025-10-12T11:53:07.418761
2057196a174be0bf95a6bca07b01eb12304e650ae2475b3ef59fdf2b14d75100,sha256,malwarebazaar,2025-10-12 11:53:16,8,0,56,0,-11,1,1760217819,1760217819,trojan.mirai,elf,emkrt2l.exe;SecuriteInfo.com.ELF.Mirai-AJJ.57146487.elf,2057196a174be0bf95a6bca07b01eb12304e650ae2475b3ef59fdf2b14d75100,ea36a0c82dd6d5da0c9e82e63e2f5962,66b25320313df0de2a75201da0c64dfd5723a62a,114313,ELF,success,2025-10-12T11:53:16.310892
eac0e991e06ad95dae224a3a11a5310bb7ffe5c82d9f8e4c7e932457fe3f9b09,sha256,malwarebazaar,2025-10-12 11:53:25,10,0,54,0,-11,1,1760217813,1760217813,trojan.mirai,arm;elf,noz2bq.exe;SecuriteInfo.com.HEUR.Backdoor.Linux.Mirai.b.6578.29338.elf,eac0e991e06ad95dae224a3a11a5310bb7ffe5c82d9f8e4c7e932457fe3f9b09,0c5b69217713390e52dace6a98d68773,c80c0b19ef48d2663fe8e51a842efd2e0bb8261f,73873,ELF,success,2025-10-12T11:53:25.083198
d8b3000b99109aac2d2b6ad9fbbcf2decc5be9e23d2151ae693eea78ab4472c8,sha256,malwarebazaar,2025-10-12 11:53:33,26,0,36,0,-12,1,1760217567,1760217567,trojan.mirai,elf;arm;sets-process-name;detect-debug-environment,icp6bswl.exe;Labello.arm.elf,d8b3000b99109aac2d2b6ad9fbbcf2decc5be9e23d2151ae693eea78ab4472c8,94a380b4c788fe5a02bbd68f4a754d60,bc2bdff5d5069424e7c26ea9b72d34c6dda1be4c,91948,ELF,success,2025-10-12T11:53:33.814766
a8764cf2f259184f060102de1058866f2e6a85b60bacd9802d03cc1a0dceb16f,sha256,malwarebazaar,2025-10-12 11:53:42,27,0,37,0,-12,1,1760217531,1760217531,trojan.mirai,elf,ga63m67p.exe;Labello.mips.elf,a8764cf2f259184f060102de1058866f2e6a85b60bacd9802d03cc1a0dceb16f,02d4dccc93bee86b1abae3833d290707,0be377acdaa26ac07c48c391c6aa4ae4270b8b5f,114280,ELF,success,2025-10-12T11:53:42.554756
78b344ae32a5357e3213740fe12dd062cc2f9a0984538dc696002afb3533203b,sha256,malwarebazaar,2025-10-12 11:53:51,16,0,48,0,-11,1,1760217286,1760217286,trojan.mirai,elf;arm;detect-debug-environment,g2rkif74.exe;Labello.arm5.elf,78b344ae32a5357e3213740fe12dd062cc2f9a0984538dc696002afb3533203b,62198865f659e22ab4abd531520b69eb,0d4526b9adefcaa09f69cceda93acedb535da8a9,53740,ELF,success,2025-10-12T11:53:51.312003
fc03213c9ed4eff79918ca9d1e4437ba27cdc3ee54de58a1efe8b9895a8e3e2d,sha256,malwarebazaar,2025-10-12 11:54:00,27,0,37,0,-11,1,1760217430,1760217430,trojan.mirai/gafgyt,arm;elf;spreader;sets-process-name;detect-debug-environment,k9s7nvknu.exe;Labello.arm7.elf,fc03213c9ed4eff79918ca9d1e4437ba27cdc3ee54de58a1efe8b9895a8e3e2d,859720a2d6f5c8bb5018cc76eec4791b,9d789e20e446ab30a24f130a7296ad41972c4941,177803,ELF,success,2025-10-12T11:54:00.079063
aa6e06c62eaeb85f79d26f5a7dbdf8121b275dc12eeedfeca05b45c1d67fedb7,sha256,malwarebazaar,2025-10-12 11:54:08,25,0,39,0,-11,1,1760217406,1760217406,trojan.mirai,arm;elf;detect-debug-environment,bencql0r.exe;Labello.arm6.elf,aa6e06c62eaeb85f79d26f5a7dbdf8121b275dc12eeedfeca05b45c1d67fedb7,a3404a48382664e29aa3715ef585af46,061ac127973267bb54d64ae4b777b42b1bd4cc8d,97464,ELF,success,2025-10-12T11:54:08.794951
52900d762e1cb8e1876285d7ccfed8778cbe3fddf570fb78e25c95b7e7faa087,sha256,malwarebazaar,2025-10-12 11:54:17,12,0,35,0,-11,1,1760217382,1760217382,trojan.mirai,elf,76322xw.exe;Labello.mpsl.elf,52900d762e1cb8e1876285d7ccfed8778cbe3fddf570fb78e25c95b7e7faa087,64d4db38460dc0716354fc7e29e62420,af0862578114cf3ca329f823194d1d777882aa0d,118376,ELF,success,2025-10-12T11:54:17.629327